order_id,order_date,product,category,quantity,price,region
151,02-01-2026,Laptop,,,800,South
192,15-01-2026,Headphones,,1,100,North
114,08-01-2026,Laptop,,,0,West
171,08-01-2026,Unknown,,1,,North
160,17-01-2026,Charger,Electronics,,300,East
120,12-01-2026,Charger,Electronics,2,,
182,19-01-2026,Headphones,Electronics,1,,
186,10-01-2026,Laptop,,2,100,South
174,09-01-2026,Charger,Electronics,,300,
174,05-01-2026,Unknown,,1,300,
187,06-01-2026,Tablet,Electronics,3,500,
199,20-01-2026,Phone,,,,East
123,26-01-2026,Phone,,1,300,
102,02-01-2026,Phone,Electronics,1,500,
121,27-01-2026,Laptop,,2,800,
152,24-01-2026,Headphones,,2,500,North
101,27-01-2026,Charger,Electronics,2,0,East
187,13-01-2026,Tablet,,1,100,South
129,06-01-2026,Unknown,,1,800,North
137,05-01-2026,Tablet,,1,800,West
101,25-01-2026,Unknown,Electronics,2,0,East
163,01-01-2026,Laptop,Electronics,,500,East
159,21-01-2026,Phone,,3,100,West
120,22-01-2026,Laptop,Electronics,1,500,West
132,21-01-2026,Headphones,,1,300,West
175,06-01-2026,Headphones,,1,500,South
157,06-01-2026,Unknown,,1,800,
121,23-01-2026,Charger,,1,100,East
188,16-01-2026,Charger,,2,500,
148,04-01-2026,Unknown,Electronics,3,100,
190,30-01-2026,Headphones,,1,100,West
158,11-01-2026,Headphones,Electronics,2,300,South
141,30-01-2026,Headphones,Electronics,,300,North
191,30-01-2026,Laptop,,1,800,South
159,30-01-2026,Headphones,,2,0,
179,31-01-2026,Tablet,Electronics,2,100,South
114,24-01-2026,Phone,Electronics,3,0,West
161,23-01-2026,Headphones,Electronics,3,800,North
161,09-01-2026,Unknown,,,100,West
146,23-01-2026,Phone,Electronics,2,100,North
161,03-01-2026,Laptop,,2,,
150,19-01-2026,Unknown,,3,0,North
154,31-01-2026,Phone,,1,500,North
163,08-01-2026,Unknown,Electronics,1,300,North
102,05-01-2026,Laptop,,1,500,South
150,04-01-2026,Tablet,,3,0,South
106,24-01-2026,Laptop,,1,300,
120,31-01-2026,Laptop,,3,500,North
172,06-01-2026,Unknown,,,,East
138,02-01-2026,Charger,Electronics,2,300,
117,20-01-2026,Headphones,,,100,North
103,28-01-2026,Headphones,,3,500,North
188,11-01-2026,Tablet,Electronics,2,300,South
159,04-01-2026,Tablet,,1,,
113,15-01-2026,Headphones,Electronics,1,300,North
108,06-01-2026,Charger,,1,300,North
189,22-01-2026,Headphones,Electronics,3,,
152,17-01-2026,Charger,Electronics,3,500,East
101,30-01-2026,Tablet,,1,800,
183,24-01-2026,Phone,,,500,
191,06-01-2026,Unknown,,2,0,East
159,19-01-2026,Tablet,Electronics,,,
170,30-01-2026,Tablet,Electronics,,500,North
143,25-01-2026,Laptop,Electronics,1,300,
107,02-01-2026,Laptop,,1,,East
146,15-01-2026,Laptop,Electronics,1,100,West
134,11-01-2026,Unknown,Electronics,1,500,
177,08-01-2026,Laptop,,,,South
180,26-01-2026,Charger,Electronics,3,500,North
135,19-01-2026,Headphones,Electronics,2,,North
149,13-01-2026,Phone,,1,300,South
103,12-01-2026,Tablet,Electronics,3,100,South
101,05-01-2026,Charger,,,100,
105,06-01-2026,Phone,,1,0,South
153,26-01-2026,Charger,,,,West
103,22-01-2026,Charger,,2,500,East
153,04-01-2026,Tablet,,1,100,South
192,19-01-2026,Headphones,Electronics,1,100,South
162,20-01-2026,Laptop,Electronics,2,800,West
117,01-01-2026,Unknown,,3,800,North
189,20-01-2026,Headphones,,3,100,North
143,17-01-2026,Unknown,Electronics,1,,
133,12-01-2026,Tablet,,1,0,West
173,15-01-2026,Tablet,,1,100,East
161,01-01-2026,Tablet,,3,300,East
199,26-01-2026,Phone,Electronics,2,500,West
113,14-01-2026,Unknown,Electronics,3,0,East
194,06-01-2026,Headphones,,1,300,North
147,05-01-2026,Headphones,,1,0,East
114,30-01-2026,Charger,Electronics,1,300,East
171,11-01-2026,Charger,Electronics,1,500,West
177,31-01-2026,Charger,,2,500,West
186,04-01-2026,Tablet,,1,800,East
161,13-01-2026,Headphones,Electronics,,,South
139,11-01-2026,Unknown,Electronics,1,300,West
184,03-01-2026,Tablet,Electronics,,800,
179,01-01-2026,Phone,,1,300,
181,06-01-2026,Charger,Electronics,1,800,North
152,18-01-2026,Tablet,,1,500,East
123,24-01-2026,Tablet,Electronics,3,0,South
125,10-01-2026,Phone,Electronics,,800,North
188,05-01-2026,Laptop,Electronics,2,300,East
159,23-01-2026,Headphones,Electronics,1,300,West
140,10-01-2026,Unknown,,2,,
128,12-01-2026,Laptop,,1,500,South
114,02-01-2026,Charger,Electronics,3,300,
144,13-01-2026,Tablet,,3,100,West
164,08-01-2026,Phone,Electronics,3,0,East
188,02-01-2026,Phone,Electronics,3,800,West
170,20-01-2026,Headphones,Electronics,1,,West
108,01-01-2026,Laptop,Electronics,1,0,
187,31-01-2026,Headphones,,,500,South
100,05-01-2026,Tablet,Electronics,2,,West
107,09-01-2026,Headphones,Electronics,1,800,
187,17-01-2026,Unknown,,1,800,South
162,09-01-2026,Phone,Electronics,1,100,East
110,11-01-2026,Phone,Electronics,1,500,East
180,15-01-2026,Charger,Electronics,1,,North
107,24-01-2026,Charger,,,,
134,06-01-2026,Tablet,Electronics,2,300,South
134,23-01-2026,Unknown,,,100,West
132,03-01-2026,Laptop,Electronics,3,100,East
104,30-01-2026,Headphones,Electronics,3,,South
140,31-01-2026,Tablet,,3,,
127,17-01-2026,Charger,Electronics,,0,North
106,05-01-2026,Headphones,Electronics,1,0,East
172,30-01-2026,Charger,,2,0,South
171,28-01-2026,Headphones,,3,100,South
111,12-01-2026,Laptop,,3,300,South
133,18-01-2026,Tablet,,3,800,
132,14-01-2026,Headphones,,2,0,
147,21-01-2026,Unknown,Electronics,3,300,
122,24-01-2026,Phone,,2,500,West
161,11-01-2026,Unknown,Electronics,3,0,South
187,09-01-2026,Unknown,Electronics,,800,East
136,02-01-2026,Phone,Electronics,,500,
198,12-01-2026,Unknown,,2,500,
143,03-01-2026,Headphones,,,800,South
185,03-01-2026,Headphones,Electronics,2,0,
190,01-01-2026,Headphones,,,100,West
134,08-01-2026,Phone,,,800,West
164,22-01-2026,Unknown,,2,800,
198,28-01-2026,Phone,,1,800,South
146,29-01-2026,Headphones,Electronics,,500,South
177,08-01-2026,Unknown,Electronics,3,300,South
102,11-01-2026,Unknown,,1,100,North
100,09-01-2026,Charger,Electronics,2,0,
104,05-01-2026,Charger,,1,0,South
189,14-01-2026,Laptop,,1,300,West
113,28-01-2026,Tablet,Electronics,1,800,East
126,30-01-2026,Charger,Electronics,,100,East
108,03-01-2026,Phone,Electronics,,0,South
178,21-01-2026,Charger,,3,,East
114,05-01-2026,Laptop,Electronics,1,0,East
189,05-01-2026,Unknown,,1,800,North
141,19-01-2026,Laptop,Electronics,,,West
176,27-01-2026,Unknown,Electronics,1,300,West
150,14-01-2026,Unknown,,,100,North
162,26-01-2026,Tablet,,,300,North
195,30-01-2026,Charger,,1,300,East
151,04-01-2026,Phone,,1,100,
195,25-01-2026,Phone,,,100,East
103,13-01-2026,Headphones,,2,0,North
193,10-01-2026,Unknown,,,0,West
122,25-01-2026,Phone,,,100,East
114,18-01-2026,Tablet,Electronics,3,,
142,08-01-2026,Unknown,,3,500,East
128,08-01-2026,Tablet,,3,0,South
135,07-01-2026,Phone,Electronics,2,500,East
112,08-01-2026,Phone,,2,,North
131,14-01-2026,Headphones,Electronics,,100,West
170,19-01-2026,Phone,Electronics,3,,West
158,29-01-2026,Unknown,,2,0,North
185,06-01-2026,Unknown,Electronics,1,300,South
127,01-01-2026,Unknown,,,100,North
165,23-01-2026,Headphones,Electronics,1,800,East
141,31-01-2026,Headphones,Electronics,,500,North
144,15-01-2026,Phone,Electronics,1,,North
161,01-01-2026,Laptop,,3,100,South
156,25-01-2026,Laptop,,1,,East
105,17-01-2026,Headphones,Electronics,3,100,
127,01-01-2026,Phone,Electronics,1,0,
127,15-01-2026,Laptop,,1,0,West
143,23-01-2026,Phone,,,0,North
183,02-01-2026,Phone,Electronics,3,,West
129,14-01-2026,Phone,Electronics,,800,South
161,21-01-2026,Charger,,2,0,
174,08-01-2026,Unknown,,3,100,North
191,08-01-2026,Phone,,1,0,South
188,19-01-2026,Charger,,3,300,South
161,07-01-2026,Headphones,,,0,North
196,19-01-2026,Laptop,Electronics,1,,South
100,06-01-2026,Unknown,,3,800,North
126,06-01-2026,Laptop,Electronics,1,300,North
161,03-01-2026,Unknown,,2,,East
176,07-01-2026,Laptop,Electronics,1,,West
102,19-01-2026,Unknown,,2,,South
169,08-01-2026,Laptop,,3,100,South
171,10-01-2026,Laptop,Electronics,,,East
126,20-01-2026,Laptop,Electronics,,100,East
108,15-01-2026,Laptop,,1,,East
161,15-01-2026,Headphones,,,500,
136,29-01-2026,Phone,,1,300,
196,01-01-2026,Tablet,,,500,
150,20-01-2026,Charger,,1,,North
143,30-01-2026,Tablet,Electronics,3,300,South
123,07-01-2026,Tablet,Electronics,3,300,West
178,27-01-2026,Unknown,,,800,North
158,04-01-2026,Phone,Electronics,2,500,South
131,29-01-2026,Unknown,Electronics,3,800,South
195,06-01-2026,Phone,Electronics,,300,East
187,25-01-2026,Phone,,1,100,East
151,01-01-2026,Laptop,Electronics,,300,North
161,29-01-2026,Headphones,,3,800,East
157,05-01-2026,Laptop,Electronics,1,500,South
151,27-01-2026,Headphones,,,,East
111,23-01-2026,Unknown,Electronics,1,,
138,01-01-2026,Headphones,,1,500,East
101,30-01-2026,Unknown,,1,,South
102,04-01-2026,Tablet,Electronics,2,,North
155,22-01-2026,Tablet,,1,800,West
180,02-01-2026,Headphones,,1,500,East
158,10-01-2026,Headphones,,3,0,South
101,05-01-2026,Unknown,,3,100,West
101,27-01-2026,Laptop,,2,100,West
191,10-01-2026,Unknown,,1,,
153,01-01-2026,Laptop,,1,100,West
186,22-01-2026,Tablet,,1,500,South
195,06-01-2026,Phone,Electronics,2,500,South
196,13-01-2026,Headphones,Electronics,1,300,East
100,31-01-2026,Laptop,,3,300,East
118,15-01-2026,Unknown,,1,100,East
101,04-01-2026,Tablet,Electronics,3,0,West
152,13-01-2026,Laptop,Electronics,3,300,West
143,24-01-2026,Unknown,Electronics,1,300,
189,20-01-2026,Headphones,,3,500,East
131,24-01-2026,Headphones,Electronics,2,0,North
169,15-01-2026,Charger,,1,,
131,29-01-2026,Phone,,3,100,North
167,08-01-2026,Charger,Electronics,,300,West
154,05-01-2026,Tablet,,3,0,
174,29-01-2026,Laptop,,2,0,
155,15-01-2026,Tablet,,1,100,South
116,04-01-2026,Unknown,,3,0,West
137,12-01-2026,Headphones,Electronics,1,0,West
123,13-01-2026,Charger,Electronics,,0,
168,02-01-2026,Charger,,3,300,West
197,27-01-2026,Charger,,1,100,
169,31-01-2026,Tablet,Electronics,1,0,South
185,19-01-2026,Headphones,,,0,
110,19-01-2026,Laptop,Electronics,1,300,West
115,04-01-2026,Unknown,,1,100,West
196,04-01-2026,Laptop,,1,500,
172,26-01-2026,Tablet,Electronics,1,300,
158,11-01-2026,Unknown,Electronics,3,100,
169,27-01-2026,Charger,Electronics,3,0,East
179,05-01-2026,Phone,Electronics,3,100,West
192,20-01-2026,Tablet,,,100,West
102,11-01-2026,Tablet,Electronics,,,East
119,30-01-2026,Headphones,,,100,
158,10-01-2026,Laptop,Electronics,2,500,South
135,08-01-2026,Tablet,Electronics,,100,
118,06-01-2026,Tablet,,3,500,
189,06-01-2026,Charger,Electronics,3,0,East
166,08-01-2026,Charger,Electronics,2,500,West
118,23-01-2026,Unknown,Electronics,2,0,
119,15-01-2026,Phone,Electronics,,0,West
195,26-01-2026,Headphones,,1,500,North
170,14-01-2026,Phone,,2,300,West
151,11-01-2026,Unknown,Electronics,1,800,South
132,12-01-2026,Charger,Electronics,3,100,South
139,26-01-2026,Laptop,Electronics,1,,
138,13-01-2026,Charger,,3,800,West
181,08-01-2026,Headphones,,3,100,
100,30-01-2026,Charger,,2,100,East
110,18-01-2026,Headphones,,2,0,South
191,25-01-2026,Headphones,Electronics,1,100,
156,01-01-2026,Headphones,Electronics,3,,East
188,15-01-2026,Unknown,Electronics,1,100,
149,08-01-2026,Headphones,,1,500,West
122,28-01-2026,Headphones,Electronics,1,800,West
130,11-01-2026,Laptop,,,500,West
193,12-01-2026,Phone,,1,,West
141,12-01-2026,Tablet,Electronics,,100,North
198,04-01-2026,Phone,Electronics,,,East
106,16-01-2026,Headphones,Electronics,,0,East
115,04-01-2026,Laptop,,1,500,West
189,05-01-2026,Charger,,1,500,North
159,24-01-2026,Laptop,Electronics,1,300,West
101,05-01-2026,Headphones,Electronics,1,100,North
100,08-01-2026,Laptop,,3,0,West
147,31-01-2026,Laptop,Electronics,2,500,South
111,10-01-2026,Headphones,,1,500,South
168,17-01-2026,Unknown,,2,0,
136,28-01-2026,Laptop,Electronics,1,,West
131,31-01-2026,Tablet,Electronics,3,,East
108,26-01-2026,Tablet,Electronics,3,100,
198,09-01-2026,Laptop,Electronics,3,300,South
118,22-01-2026,Unknown,,1,500,West
147,19-01-2026,Charger,,,300,
179,29-01-2026,Headphones,,,,West
102,14-01-2026,Tablet,Electronics,2,,South
119,08-01-2026,Charger,,,800,
123,09-01-2026,Laptop,Electronics,,100,South
153,22-01-2026,Charger,Electronics,3,800,North
132,11-01-2026,Phone,Electronics,3,800,South
123,23-01-2026,Tablet,Electronics,2,800,West
174,01-01-2026,Laptop,Electronics,1,100,East
171,14-01-2026,Headphones,Electronics,2,100,South
135,05-01-2026,Unknown,,2,0,East
137,21-01-2026,Laptop,Electronics,1,300,North
183,26-01-2026,Headphones,,1,300,
198,14-01-2026,Unknown,,2,0,
188,04-01-2026,Unknown,Electronics,2,0,East
198,22-01-2026,Laptop,Electronics,2,,
124,23-01-2026,Charger,Electronics,,800,South
192,25-01-2026,Charger,,1,0,East
117,01-01-2026,Unknown,Electronics,2,500,West
181,31-01-2026,Charger,,3,300,South
165,22-01-2026,Phone,Electronics,3,0,South
153,23-01-2026,Unknown,Electronics,,500,South
134,19-01-2026,Unknown,,,500,West
179,08-01-2026,Headphones,,1,500,North
160,15-01-2026,Charger,Electronics,1,,
140,21-01-2026,Unknown,,1,,East
199,15-01-2026,Phone,,,500,North
132,09-01-2026,Headphones,,,,East
167,21-01-2026,Laptop,,,800,
132,09-01-2026,Unknown,,3,500,West
113,10-01-2026,Phone,Electronics,,800,South
120,20-01-2026,Tablet,Electronics,3,800,South
147,25-01-2026,Phone,,1,500,West
119,21-01-2026,Phone,Electronics,1,300,North
107,26-01-2026,Headphones,Electronics,1,500,North
106,09-01-2026,Laptop,,2,500,East
166,03-01-2026,Tablet,Electronics,2,,West
116,31-01-2026,Charger,,1,500,North
132,20-01-2026,Charger,,1,300,West
147,25-01-2026,Phone,Electronics,1,,
175,26-01-2026,Headphones,,2,100,South
158,11-01-2026,Headphones,,2,100,South
185,06-01-2026,Charger,,1,800,South
121,02-01-2026,Tablet,,1,800,West
129,07-01-2026,Laptop,,,300,West
137,18-01-2026,Tablet,Electronics,1,0,East
150,27-01-2026,Unknown,Electronics,,100,South
153,02-01-2026,Unknown,,3,800,East
107,27-01-2026,Laptop,,2,100,South
126,17-01-2026,Charger,Electronics,1,300,East
126,11-01-2026,Laptop,,2,300,East
197,27-01-2026,Headphones,Electronics,2,0,
120,12-01-2026,Unknown,,2,0,East
129,27-01-2026,Phone,,3,,West
196,19-01-2026,Phone,,1,300,East
127,22-01-2026,Charger,,1,800,South
163,24-01-2026,Headphones,,1,100,East
196,25-01-2026,Tablet,,1,500,North
168,07-01-2026,Headphones,,1,0,South
160,20-01-2026,Phone,Electronics,2,500,North
147,06-01-2026,Phone,Electronics,,800,South
118,21-01-2026,Unknown,Electronics,2,0,West
103,24-01-2026,Headphones,,2,500,West
134,01-01-2026,Headphones,,1,800,West
163,17-01-2026,Phone,,2,100,North
148,29-01-2026,Tablet,,1,800,
116,31-01-2026,Charger,,,,South
143,11-01-2026,Charger,,1,0,West
191,22-01-2026,Headphones,,1,300,South
129,26-01-2026,Charger,Electronics,,100,North
192,28-01-2026,Phone,,1,500,
145,18-01-2026,Phone,Electronics,3,0,North
105,21-01-2026,Headphones,Electronics,1,300,South
198,17-01-2026,Headphones,,1,800,
136,07-01-2026,Unknown,,3,300,
123,17-01-2026,Headphones,Electronics,3,0,North
192,20-01-2026,Tablet,Electronics,1,0,West
145,09-01-2026,Charger,,3,,South
152,17-01-2026,Headphones,,2,,East
194,20-01-2026,Laptop,Electronics,1,300,East
198,22-01-2026,Unknown,,1,800,North
159,22-01-2026,Laptop,,1,300,South
196,28-01-2026,Phone,,2,0,South
162,31-01-2026,Charger,Electronics,3,0,North
184,29-01-2026,Headphones,Electronics,,500,South
131,08-01-2026,Laptop,Electronics,3,,West
186,17-01-2026,Charger,,1,500,North
132,07-01-2026,Phone,,1,100,West
166,01-01-2026,Tablet,Electronics,3,0,South
117,13-01-2026,Unknown,Electronics,,500,North
124,30-01-2026,Charger,Electronics,1,300,South
194,23-01-2026,Charger,,2,,North
153,19-01-2026,Tablet,Electronics,2,,South
157,27-01-2026,Charger,Electronics,,800,West
166,24-01-2026,Phone,,1,300,West
145,19-01-2026,Phone,,1,800,South
123,30-01-2026,Tablet,,3,500,North
131,30-01-2026,Unknown,Electronics,1,100,East
146,29-01-2026,Headphones,,2,300,West
185,17-01-2026,Laptop,,,300,West
122,13-01-2026,Headphones,Electronics,,300,East
165,29-01-2026,Charger,,3,800,South
126,30-01-2026,Laptop,Electronics,,500,North
101,16-01-2026,Tablet,Electronics,,300,South
189,08-01-2026,Tablet,,1,300,
116,19-01-2026,Unknown,,1,,West
132,18-01-2026,Laptop,,3,100,
108,01-01-2026,Phone,,1,,West
142,14-01-2026,Laptop,,1,,West
147,19-01-2026,Charger,,1,100,
138,15-01-2026,Phone,Electronics,1,500,
192,18-01-2026,Tablet,Electronics,,,South
141,02-01-2026,Laptop,,1,500,
125,22-01-2026,Headphones,Electronics,3,,South
198,28-01-2026,Unknown,,3,0,South
149,17-01-2026,Headphones,Electronics,1,100,South
124,18-01-2026,Unknown,Electronics,,,West
123,30-01-2026,Charger,Electronics,2,0,West
112,06-01-2026,Headphones,,1,800,
159,19-01-2026,Laptop,Electronics,,0,West
106,31-01-2026,Laptop,,1,300,
156,04-01-2026,Headphones,Electronics,1,,West
135,01-01-2026,Laptop,Electronics,3,0,North
144,08-01-2026,Charger,Electronics,2,500,North
119,29-01-2026,Phone,Electronics,3,800,
164,23-01-2026,Charger,Electronics,1,,West
107,07-01-2026,Unknown,,1,300,West
115,03-01-2026,Charger,,1,0,South
113,10-01-2026,Unknown,Electronics,1,800,East
175,10-01-2026,Laptop,Electronics,,,
186,19-01-2026,Phone,Electronics,2,800,East
114,14-01-2026,Laptop,Electronics,,300,East
191,02-01-2026,Tablet,,,0,
197,28-01-2026,Laptop,Electronics,1,800,West
165,01-01-2026,Unknown,,2,800,
131,23-01-2026,Laptop,Electronics,1,100,East
186,23-01-2026,Laptop,,1,800,West
162,28-01-2026,Phone,Electronics,3,100,North
185,18-01-2026,Laptop,Electronics,1,0,
150,07-01-2026,Phone,,1,,
124,29-01-2026,Headphones,Electronics,,,West
157,08-01-2026,Tablet,Electronics,,0,North
162,01-01-2026,Phone,Electronics,,0,North
161,25-01-2026,Unknown,,2,500,West
121,23-01-2026,Headphones,Electronics,1,0,South
157,03-01-2026,Phone,Electronics,1,800,
157,24-01-2026,Phone,,2,,
185,23-01-2026,Tablet,,3,300,East
148,27-01-2026,Unknown,,1,,West
151,31-01-2026,Charger,Electronics,1,100,East
141,29-01-2026,Charger,Electronics,1,,East
169,08-01-2026,Phone,Electronics,,500,North
114,22-01-2026,Laptop,,1,0,
153,25-01-2026,Unknown,Electronics,1,0,East
159,15-01-2026,Headphones,Electronics,1,,North
196,05-01-2026,Laptop,,,300,West
107,03-01-2026,Laptop,,1,300,East
152,19-01-2026,Unknown,,3,500,
159,01-01-2026,Phone,,3,100,East
104,28-01-2026,Phone,,,,West
167,15-01-2026,Phone,Electronics,1,0,East
105,08-01-2026,Phone,,1,,
195,02-01-2026,Charger,Electronics,2,500,North
193,03-01-2026,Phone,Electronics,,800,
146,24-01-2026,Charger,,1,800,North
198,14-01-2026,Charger,,,500,South
154,24-01-2026,Phone,,2,0,
139,14-01-2026,Tablet,Electronics,,500,
151,11-01-2026,Headphones,,,0,West
115,16-01-2026,Laptop,,2,300,East
112,04-01-2026,Charger,,1,500,North
129,20-01-2026,Unknown,,1,0,North
118,05-01-2026,Unknown,,2,500,West
116,22-01-2026,Headphones,Electronics,3,500,West
162,21-01-2026,Unknown,Electronics,1,0,East
118,14-01-2026,Tablet,Electronics,3,0,East
191,31-01-2026,Unknown,,1,100,
157,23-01-2026,Laptop,,1,500,South
154,16-01-2026,Laptop,,1,800,East
189,18-01-2026,Charger,Electronics,,500,West
189,07-01-2026,Phone,,3,500,East
161,10-01-2026,Tablet,,1,0,North
122,07-01-2026,Charger,,1,500,South
108,01-01-2026,Tablet,Electronics,2,,
111,23-01-2026,Phone,,1,500,North
100,21-01-2026,Unknown,Electronics,2,,North
157,19-01-2026,Unknown,,1,800,South
100,16-01-2026,Phone,Electronics,1,0,
133,29-01-2026,Charger,Electronics,1,500,West
195,19-01-2026,Phone,Electronics,1,,
147,04-01-2026,Headphones,,1,,East
188,29-01-2026,Laptop,,2,,North
100,28-01-2026,Charger,Electronics,1,300,East
115,18-01-2026,Tablet,Electronics,3,100,West
160,02-01-2026,Headphones,,,800,East
163,01-01-2026,Charger,,2,500,
162,15-01-2026,Phone,Electronics,3,300,East
168,05-01-2026,Phone,,1,500,West
121,20-01-2026,Phone,,2,500,West
192,11-01-2026,Phone,,,0,West
166,10-01-2026,Tablet,,,0,
175,31-01-2026,Headphones,Electronics,1,0,West
125,02-01-2026,Unknown,,1,300,North
115,03-01-2026,Laptop,,2,500,West
150,23-01-2026,Tablet,Electronics,1,100,East
185,23-01-2026,Tablet,Electronics,1,800,East
156,12-01-2026,Unknown,,1,0,East
128,20-01-2026,Unknown,,3,0,
177,05-01-2026,Laptop,,,500,East
191,05-01-2026,Laptop,,1,500,
168,06-01-2026,Unknown,Electronics,,300,
146,30-01-2026,Phone,Electronics,1,300,West
193,09-01-2026,Tablet,Electronics,3,0,North
161,02-01-2026,Charger,,1,500,West
168,21-01-2026,Laptop,,3,100,West
175,12-01-2026,Laptop,,1,800,
115,03-01-2026,Unknown,,1,500,
189,20-01-2026,Headphones,Electronics,,500,East
189,26-01-2026,Charger,Electronics,3,,East
147,22-01-2026,Charger,,1,300,West
184,12-01-2026,Laptop,Electronics,3,800,South
138,24-01-2026,Phone,,,0,South
199,17-01-2026,Headphones,,1,500,East
132,10-01-2026,Charger,Electronics,,0,South
193,30-01-2026,Laptop,,2,500,East
122,24-01-2026,Charger,,2,0,
109,27-01-2026,Headphones,Electronics,1,800,West
168,14-01-2026,Headphones,,,300,North
199,23-01-2026,Tablet,,1,800,West
133,17-01-2026,Unknown,Electronics,1,,East
151,18-01-2026,Unknown,,2,100,East
194,19-01-2026,Laptop,Electronics,1,300,West
109,17-01-2026,Headphones,,2,800,East
118,14-01-2026,Tablet,Electronics,1,,South
157,09-01-2026,Tablet,Electronics,,100,South
195,08-01-2026,Charger,Electronics,1,,East
100,02-01-2026,Charger,,2,500,East
168,13-01-2026,Tablet,Electronics,3,500,South
103,25-01-2026,Charger,Electronics,1,0,East
115,07-01-2026,Headphones,Electronics,1,300,East
123,09-01-2026,Phone,Electronics,1,500,West
179,22-01-2026,Headphones,Electronics,3,,North
101,22-01-2026,Tablet,,2,300,South
191,11-01-2026,Tablet,,1,500,West
131,14-01-2026,Headphones,,2,0,North
190,04-01-2026,Charger,,1,800,East
183,26-01-2026,Charger,,2,0,East
123,26-01-2026,Unknown,,1,100,West
111,29-01-2026,Tablet,,2,500,East
149,13-01-2026,Laptop,Electronics,3,100,
134,02-01-2026,Unknown,,,100,West
132,23-01-2026,Charger,Electronics,3,,North
132,05-01-2026,Headphones,Electronics,3,300,West
160,11-01-2026,Charger,,,,South
150,06-01-2026,Headphones,Electronics,,500,West
142,18-01-2026,Unknown,Electronics,1,100,East
111,21-01-2026,Tablet,Electronics,1,800,East
166,10-01-2026,Charger,Electronics,3,100,
164,04-01-2026,Headphones,,3,800,
132,09-01-2026,Tablet,,1,,
139,06-01-2026,Laptop,,1,,North
173,02-01-2026,Headphones,,1,300,
142,17-01-2026,Unknown,,1,100,North
143,05-01-2026,Laptop,,1,0,
128,25-01-2026,Laptop,,1,,North
112,06-01-2026,Phone,,2,,West
111,26-01-2026,Charger,,2,300,West
194,12-01-2026,Headphones,,1,800,East
145,23-01-2026,Laptop,Electronics,2,300,North
101,21-01-2026,Phone,,,100,South
134,10-01-2026,Unknown,Electronics,1,500,East
186,22-01-2026,Tablet,Electronics,1,500,West
180,21-01-2026,Headphones,Electronics,1,800,North
189,27-01-2026,Laptop,Electronics,3,,
107,25-01-2026,Charger,,1,800,South
192,31-01-2026,Phone,Electronics,2,,West
125,06-01-2026,Laptop,,3,,East
173,27-01-2026,Charger,,2,500,North
189,08-01-2026,Laptop,Electronics,,800,South
133,02-01-2026,Headphones,,2,300,North
106,12-01-2026,Headphones,Electronics,,,
167,13-01-2026,Headphones,Electronics,,0,East
157,25-01-2026,Unknown,,2,0,North
174,21-01-2026,Unknown,,2,300,West
128,07-01-2026,Phone,Electronics,,0,East
135,10-01-2026,Headphones,,3,100,West
188,13-01-2026,Charger,,,,North
120,17-01-2026,Laptop,,1,300,East
135,26-01-2026,Tablet,Electronics,,800,West
109,21-01-2026,Charger,Electronics,3,,
172,28-01-2026,Unknown,,1,300,
123,30-01-2026,Unknown,,1,500,North
163,26-01-2026,Charger,,1,800,East
198,14-01-2026,Unknown,,3,500,South
148,02-01-2026,Headphones,,,,East
198,28-01-2026,Phone,Electronics,2,800,
135,22-01-2026,Laptop,,3,0,West
181,11-01-2026,Phone,Electronics,1,300,South
195,01-01-2026,Laptop,,1,,North
123,19-01-2026,Laptop,Electronics,1,100,South
122,21-01-2026,Phone,,1,800,North
161,04-01-2026,Charger,Electronics,3,800,South
195,19-01-2026,Laptop,,1,,North
136,26-01-2026,Phone,Electronics,3,,North
111,29-01-2026,Laptop,Electronics,2,500,South
154,21-01-2026,Tablet,Electronics,1,0,South
112,11-01-2026,Charger,Electronics,1,500,North
122,08-01-2026,Headphones,Electronics,3,500,
188,11-01-2026,Laptop,Electronics,,0,South
198,04-01-2026,Tablet,,1,100,East
129,17-01-2026,Headphones,Electronics,2,500,West
116,27-01-2026,Headphones,,3,500,North
161,07-01-2026,Laptop,,2,800,North
183,08-01-2026,Phone,,2,0,West
188,03-01-2026,Laptop,,1,300,
185,22-01-2026,Tablet,,1,100,West
112,02-01-2026,Headphones,Electronics,3,100,South
158,23-01-2026,Laptop,Electronics,,0,West
118,15-01-2026,Phone,Electronics,3,,North
148,24-01-2026,Laptop,,,,West
199,22-01-2026,Charger,Electronics,2,800,East
111,22-01-2026,Phone,Electronics,1,800,South
160,05-01-2026,Tablet,Electronics,3,0,West
118,24-01-2026,Headphones,Electronics,3,800,North
175,01-01-2026,Laptop,Electronics,,100,South
108,26-01-2026,Phone,,2,100,North
170,04-01-2026,Charger,Electronics,2,300,
127,15-01-2026,Phone,,,,East
177,20-01-2026,Unknown,,2,0,
194,19-01-2026,Charger,,1,500,East
151,03-01-2026,Tablet,,1,,West
182,20-01-2026,Headphones,,3,500,South
115,11-01-2026,Tablet,Electronics,1,300,West
168,17-01-2026,Laptop,Electronics,3,300,East
198,30-01-2026,Phone,Electronics,1,800,East
111,27-01-2026,Unknown,,2,300,East
124,13-01-2026,Charger,Electronics,,300,North
151,11-01-2026,Charger,Electronics,1,500,South
184,02-01-2026,Phone,,1,800,West
199,09-01-2026,Unknown,,,300,West
152,26-01-2026,Phone,,2,,
122,02-01-2026,Laptop,,1,300,East
115,21-01-2026,Tablet,Electronics,,800,East
156,09-01-2026,Charger,,1,0,East
138,09-01-2026,Laptop,,1,800,West
152,08-01-2026,Tablet,Electronics,2,500,
141,17-01-2026,Laptop,Electronics,3,0,North
157,01-01-2026,Unknown,,,,South
138,25-01-2026,Charger,Electronics,2,100,North
113,29-01-2026,Phone,,1,800,West
194,11-01-2026,Phone,,2,500,East
104,08-01-2026,Tablet,Electronics,3,,South
134,10-01-2026,Headphones,Electronics,,0,West
186,25-01-2026,Unknown,,3,,West
192,07-01-2026,Tablet,,1,800,West
174,03-01-2026,Headphones,,,300,South
117,03-01-2026,Laptop,Electronics,3,800,South
175,18-01-2026,Unknown,,1,100,
108,05-01-2026,Laptop,,,800,
173,12-01-2026,Charger,,,0,North
157,12-01-2026,Unknown,,2,0,South
116,19-01-2026,Headphones,,1,800,South
106,30-01-2026,Charger,Electronics,1,0,South
145,06-01-2026,Phone,,3,300,
112,02-01-2026,Headphones,,2,,West
139,12-01-2026,Tablet,,3,800,East
141,19-01-2026,Phone,,1,300,
108,05-01-2026,Phone,Electronics,1,,South
149,12-01-2026,Tablet,Electronics,,,
126,27-01-2026,Unknown,Electronics,1,300,North
165,27-01-2026,Phone,,3,500,South
104,17-01-2026,Headphones,,1,800,North
128,29-01-2026,Charger,Electronics,1,,South
136,17-01-2026,Phone,Electronics,,,
137,10-01-2026,Headphones,Electronics,3,0,West
182,25-01-2026,Laptop,,3,,East
107,23-01-2026,Headphones,,1,300,North
164,17-01-2026,Charger,Electronics,3,,
185,15-01-2026,Headphones,Electronics,2,500,West
116,12-01-2026,Tablet,Electronics,1,800,
170,30-01-2026,Charger,,2,800,North
188,16-01-2026,Unknown,,,,East
144,24-01-2026,Laptop,,1,100,
103,19-01-2026,Tablet,Electronics,,100,South
135,08-01-2026,Unknown,Electronics,1,300,West
169,31-01-2026,Headphones,,,100,
130,21-01-2026,Charger,Electronics,3,300,West
118,17-01-2026,Laptop,,2,0,South
160,23-01-2026,Tablet,Electronics,1,300,East
153,05-01-2026,Unknown,Electronics,1,100,East
138,22-01-2026,Unknown,Electronics,2,,South
190,16-01-2026,Laptop,Electronics,1,0,West
173,06-01-2026,Headphones,,2,100,
189,08-01-2026,Laptop,Electronics,2,300,South
118,25-01-2026,Unknown,,,500,North
138,18-01-2026,Phone,,1,800,West
166,25-01-2026,Tablet,,1,100,East
144,12-01-2026,Laptop,Electronics,2,300,South
112,15-01-2026,Unknown,,3,0,East
191,27-01-2026,Headphones,,3,100,West
157,26-01-2026,Unknown,,1,100,East
119,09-01-2026,Headphones,Electronics,1,800,South
191,13-01-2026,Laptop,Electronics,,300,West
171,26-01-2026,Headphones,,2,500,North
160,15-01-2026,Charger,Electronics,1,0,South
138,10-01-2026,Charger,,1,300,
100,16-01-2026,Charger,,2,0,South
102,07-01-2026,Phone,Electronics,,100,West
176,17-01-2026,Laptop,,1,800,South
191,23-01-2026,Unknown,Electronics,,800,North
161,26-01-2026,Unknown,Electronics,1,,North
162,21-01-2026,Phone,,,500,
124,22-01-2026,Headphones,Electronics,3,800,East
155,26-01-2026,Phone,Electronics,3,100,West
132,07-01-2026,Headphones,,,500,West
137,14-01-2026,Headphones,,3,300,East
105,15-01-2026,Tablet,Electronics,1,800,North
157,21-01-2026,Unknown,Electronics,2,500,North
143,07-01-2026,Charger,,3,100,South
144,09-01-2026,Headphones,Electronics,3,,
131,19-01-2026,Tablet,Electronics,,0,
144,16-01-2026,Unknown,Electronics,1,0,
160,08-01-2026,Charger,Electronics,2,100,South
146,18-01-2026,Headphones,Electronics,,100,
120,27-01-2026,Headphones,Electronics,,0,East
179,23-01-2026,Phone,Electronics,1,,South
184,29-01-2026,Phone,,2,500,East
174,18-01-2026,Unknown,,1,0,South
135,31-01-2026,Charger,,2,100,
198,30-01-2026,Headphones,,1,800,East
118,20-01-2026,Unknown,,,300,East
119,07-01-2026,Unknown,Electronics,,,East
156,03-01-2026,Laptop,Electronics,1,,South
117,18-01-2026,Phone,Electronics,3,800,West
146,27-01-2026,Charger,Electronics,1,800,
148,10-01-2026,Headphones,,1,100,East
113,07-01-2026,Unknown,Electronics,3,0,West
114,17-01-2026,Headphones,Electronics,1,500,
130,14-01-2026,Laptop,,2,,
100,31-01-2026,Charger,Electronics,3,,East
153,24-01-2026,Unknown,Electronics,,800,East
102,03-01-2026,Headphones,,1,0,South
115,12-01-2026,Phone,Electronics,3,,West
186,28-01-2026,Laptop,Electronics,3,500,West
156,13-01-2026,Charger,Electronics,,800,East
174,02-01-2026,Laptop,Electronics,1,500,
111,03-01-2026,Phone,Electronics,2,0,East
173,05-01-2026,Charger,,,,
195,11-01-2026,Laptop,,2,300,
115,08-01-2026,Tablet,,1,,East
171,26-01-2026,Phone,,3,0,North
175,23-01-2026,Phone,,2,,West
123,23-01-2026,Phone,,1,,
127,12-01-2026,Tablet,Electronics,1,100,
107,07-01-2026,Tablet,,,,North
191,15-01-2026,Headphones,,1,,South
135,24-01-2026,Unknown,Electronics,,500,North
189,17-01-2026,Laptop,Electronics,,300,North
107,04-01-2026,Headphones,,,500,
157,29-01-2026,Laptop,Electronics,1,500,West
159,22-01-2026,Unknown,,1,800,North
149,25-01-2026,Tablet,Electronics,,100,South
127,13-01-2026,Unknown,,1,500,East
191,18-01-2026,Tablet,Electronics,1,0,North
140,01-01-2026,Unknown,Electronics,,0,North
199,16-01-2026,Headphones,,1,,South
163,13-01-2026,Charger,,2,800,West
126,10-01-2026,Headphones,,,100,North
162,12-01-2026,Laptop,,,100,North
116,30-01-2026,Headphones,,1,,West
172,02-01-2026,Phone,Electronics,3,0,South
132,23-01-2026,Laptop,,3,300,North
183,03-01-2026,Unknown,,1,800,West
176,10-01-2026,Laptop,Electronics,1,,North
191,02-01-2026,Charger,Electronics,1,800,East
128,30-01-2026,Tablet,,3,0,
112,27-01-2026,Unknown,Electronics,1,0,East
145,23-01-2026,Laptop,Electronics,1,300,North
134,13-01-2026,Unknown,,,300,South
105,13-01-2026,Unknown,Electronics,,100,
181,18-01-2026,Unknown,Electronics,2,800,East
168,03-01-2026,Tablet,,2,800,West
146,27-01-2026,Headphones,,,0,South
124,07-01-2026,Unknown,Electronics,1,100,East
165,14-01-2026,Phone,Electronics,3,,West
109,20-01-2026,Charger,,3,800,North
155,29-01-2026,Tablet,Electronics,1,100,West
129,30-01-2026,Laptop,Electronics,3,100,East
104,17-01-2026,Tablet,Electronics,1,0,East
132,29-01-2026,Laptop,,,100,North
164,30-01-2026,Tablet,Electronics,,300,West
117,21-01-2026,Laptop,Electronics,1,300,West
195,12-01-2026,Unknown,,3,500,North
148,25-01-2026,Headphones,Electronics,2,0,West
110,16-01-2026,Laptop,Electronics,2,,North
184,24-01-2026,Laptop,,3,500,South
125,12-01-2026,Phone,,2,300,East
162,15-01-2026,Laptop,,1,500,South
188,25-01-2026,Phone,,1,0,
185,10-01-2026,Charger,Electronics,3,0,
158,30-01-2026,Unknown,Electronics,2,100,
126,25-01-2026,Phone,,1,800,North
148,31-01-2026,Headphones,,1,100,West
176,07-01-2026,Unknown,Electronics,1,0,South
132,20-01-2026,Phone,,1,300,South
197,05-01-2026,Unknown,Electronics,1,,South
198,01-01-2026,Unknown,,3,300,South
100,30-01-2026,Unknown,Electronics,,100,
120,17-01-2026,Charger,,,,South
154,03-01-2026,Headphones,,1,0,West
105,13-01-2026,Tablet,Electronics,1,300,
191,14-01-2026,Tablet,,1,0,South
180,24-01-2026,Phone,Electronics,3,,North
168,30-01-2026,Unknown,Electronics,1,,East
194,18-01-2026,Phone,Electronics,1,300,East
104,04-01-2026,Charger,Electronics,1,0,East
102,18-01-2026,Charger,Electronics,2,500,
152,30-01-2026,Laptop,,3,0,South
122,05-01-2026,Charger,,1,,
152,25-01-2026,Laptop,Electronics,2,0,West
136,16-01-2026,Headphones,,,100,North
173,01-01-2026,Phone,Electronics,1,500,North
173,21-01-2026,Headphones,,1,800,East
182,14-01-2026,Charger,,2,100,East
116,15-01-2026,Headphones,,3,800,East
184,09-01-2026,Headphones,,1,300,South
177,15-01-2026,Headphones,Electronics,,800,West
172,17-01-2026,Charger,Electronics,1,0,West
100,25-01-2026,Unknown,,,800,West
150,24-01-2026,Headphones,,1,,West
144,04-01-2026,Laptop,Electronics,1,100,East
176,12-01-2026,Charger,,,100,North
103,27-01-2026,Headphones,Electronics,3,800,East
161,26-01-2026,Unknown,Electronics,1,100,West
164,05-01-2026,Charger,Electronics,1,,East
131,29-01-2026,Tablet,,1,100,West
133,05-01-2026,Unknown,Electronics,,800,
191,11-01-2026,Laptop,,1,500,North
194,28-01-2026,Headphones,Electronics,1,500,
171,06-01-2026,Tablet,,3,300,South
138,07-01-2026,Tablet,,2,100,East
125,24-01-2026,Charger,,1,800,South
133,31-01-2026,Tablet,Electronics,1,100,East
153,14-01-2026,Laptop,Electronics,2,0,
102,24-01-2026,Laptop,,1,,West
149,11-01-2026,Phone,,3,100,West
111,30-01-2026,Laptop,,3,100,East
164,13-01-2026,Unknown,Electronics,1,500,West
153,02-01-2026,Tablet,Electronics,3,,
104,25-01-2026,Laptop,Electronics,2,800,West
193,07-01-2026,Charger,Electronics,1,100,
193,20-01-2026,Phone,,2,500,South
156,04-01-2026,Tablet,,,300,
116,27-01-2026,Phone,Electronics,1,,North
146,08-01-2026,Tablet,Electronics,3,500,North
122,20-01-2026,Charger,,,500,North
178,29-01-2026,Phone,Electronics,3,500,East
184,31-01-2026,Headphones,Electronics,1,100,East
113,22-01-2026,Unknown,Electronics,1,100,East
165,21-01-2026,Unknown,Electronics,1,300,
174,19-01-2026,Tablet,Electronics,3,0,East
150,13-01-2026,Headphones,Electronics,,0,South
137,14-01-2026,Phone,,1,0,North
163,10-01-2026,Headphones,Electronics,,,
197,11-01-2026,Headphones,Electronics,3,,North
137,02-01-2026,Phone,,,300,East
149,25-01-2026,Charger,,3,,
197,26-01-2026,Headphones,,3,0,West
181,09-01-2026,Headphones,Electronics,1,0,South
129,17-01-2026,Charger,,3,500,East
178,26-01-2026,Headphones,Electronics,3,,East
190,03-01-2026,Headphones,Electronics,2,100,South
150,24-01-2026,Headphones,Electronics,1,100,South
162,06-01-2026,Unknown,,1,500,West
197,05-01-2026,Laptop,,1,500,East
151,05-01-2026,Charger,,1,500,East
137,22-01-2026,Headphones,,2,100,North
196,15-01-2026,Unknown,,3,0,
187,23-01-2026,Charger,Electronics,1,500,
178,17-01-2026,Tablet,Electronics,,300,North
129,09-01-2026,Tablet,Electronics,3,500,
150,03-01-2026,Headphones,Electronics,2,800,South
180,20-01-2026,Unknown,,3,500,
104,26-01-2026,Unknown,,3,100,
128,17-01-2026,Charger,Electronics,2,,North
103,29-01-2026,Charger,,1,500,West
109,27-01-2026,Unknown,,1,,
155,10-01-2026,Charger,Electronics,1,800,
116,03-01-2026,Unknown,Electronics,1,300,West
173,18-01-2026,Laptop,,1,,North
116,18-01-2026,Unknown,,,0,West
183,30-01-2026,Tablet,Electronics,3,500,North
187,17-01-2026,Charger,Electronics,,800,South
168,24-01-2026,Unknown,Electronics,3,800,North
133,03-01-2026,Unknown,,1,,South
105,03-01-2026,Charger,Electronics,1,300,South
152,06-01-2026,Laptop,Electronics,1,100,North
165,13-01-2026,Laptop,,,500,East
176,24-01-2026,Charger,,1,800,North
142,29-01-2026,Phone,,1,300,
174,15-01-2026,Charger,,,0,
122,25-01-2026,Charger,,3,800,East
154,09-01-2026,Laptop,Electronics,1,300,South
179,04-01-2026,Laptop,Electronics,2,100,East
194,14-01-2026,Charger,,1,100,
174,05-01-2026,Charger,,3,800,East
115,02-01-2026,Charger,,,800,North
107,11-01-2026,Laptop,,3,,East
103,09-01-2026,Charger,,2,500,South
103,24-01-2026,Charger,Electronics,1,300,North
155,03-01-2026,Headphones,Electronics,1,800,West
124,27-01-2026,Phone,Electronics,,500,
166,28-01-2026,Tablet,Electronics,1,,
195,29-01-2026,Phone,,3,500,East
166,09-01-2026,Headphones,Electronics,,800,North
126,03-01-2026,Tablet,,1,100,West
192,25-01-2026,Charger,,,300,North
131,02-01-2026,Headphones,,2,300,
149,12-01-2026,Charger,Electronics,2,100,North
160,10-01-2026,Laptop,,1,800,West
150,09-01-2026,Unknown,Electronics,1,300,East
118,15-01-2026,Headphones,Electronics,2,800,South
120,08-01-2026,Laptop,,,,North
104,25-01-2026,Headphones,,2,800,South
181,05-01-2026,Headphones,,1,500,
191,11-01-2026,Laptop,Electronics,2,100,East
141,27-01-2026,Tablet,,2,800,East
160,02-01-2026,Phone,Electronics,,,North
121,24-01-2026,Charger,,1,0,East
120,28-01-2026,Headphones,,1,100,North
169,15-01-2026,Charger,Electronics,,300,North
100,06-01-2026,Unknown,Electronics,2,500,South
104,08-01-2026,Laptop,Electronics,2,300,East
111,27-01-2026,Charger,Electronics,1,,North
189,05-01-2026,Laptop,Electronics,1,,South
145,16-01-2026,Charger,Electronics,1,300,West
133,26-01-2026,Phone,,3,100,South
148,18-01-2026,Phone,,1,300,South
177,06-01-2026,Phone,Electronics,1,800,North
189,05-01-2026,Phone,,3,300,
144,28-01-2026,Phone,Electronics,3,500,
126,16-01-2026,Phone,,2,500,
172,13-01-2026,Laptop,,2,0,South
125,28-01-2026,Headphones,Electronics,1,500,North
146,05-01-2026,Charger,Electronics,3,300,East
185,13-01-2026,Phone,Electronics,2,500,South
155,17-01-2026,Laptop,,1,100,South
193,18-01-2026,Laptop,Electronics,2,500,North
162,08-01-2026,Laptop,,2,800,West
147,13-01-2026,Headphones,Electronics,3,100,South
160,30-01-2026,Charger,,3,0,West
180,29-01-2026,Headphones,,,800,West
125,19-01-2026,Tablet,Electronics,1,300,
135,26-01-2026,Laptop,,3,300,North
100,03-01-2026,Tablet,,1,300,West
107,24-01-2026,Unknown,Electronics,1,800,North
198,08-01-2026,Phone,,1,800,
151,02-01-2026,Phone,Electronics,3,800,North
178,08-01-2026,Headphones,Electronics,1,100,South
146,27-01-2026,Charger,Electronics,3,,West
155,13-01-2026,Tablet,Electronics,2,100,North
185,13-01-2026,Charger,,,300,East
113,01-01-2026,Headphones,,2,,North
189,06-01-2026,Phone,,3,500,West
127,24-01-2026,Charger,Electronics,3,300,
186,19-01-2026,Charger,,2,0,
177,16-01-2026,Phone,,1,100,West
187,08-01-2026,Tablet,Electronics,1,800,South
101,28-01-2026,Phone,Electronics,1,100,South
125,01-01-2026,Charger,,3,800,
113,27-01-2026,Tablet,Electronics,1,,
158,27-01-2026,Tablet,Electronics,3,0,West
155,16-01-2026,Phone,Electronics,1,,South
106,09-01-2026,Charger,Electronics,2,0,
102,13-01-2026,Headphones,,,100,South
122,11-01-2026,Charger,Electronics,1,800,
117,13-01-2026,Laptop,Electronics,1,,North
137,25-01-2026,Unknown,Electronics,3,0,East
198,21-01-2026,Headphones,Electronics,2,300,North
114,10-01-2026,Tablet,Electronics,1,300,
163,04-01-2026,Headphones,Electronics,2,,East
188,31-01-2026,Tablet,Electronics,,800,East
127,27-01-2026,Tablet,Electronics,3,,
173,06-01-2026,Headphones,,3,100,
138,28-01-2026,Tablet,Electronics,,0,South
156,07-01-2026,Tablet,,3,100,
116,05-01-2026,Laptop,Electronics,1,300,West
185,11-01-2026,Charger,Electronics,2,0,
189,13-01-2026,Charger,Electronics,1,,West
143,26-01-2026,Unknown,Electronics,,100,
124,25-01-2026,Unknown,,1,500,South
116,19-01-2026,Laptop,Electronics,1,800,West
112,31-01-2026,Unknown,Electronics,1,800,North
183,23-01-2026,Headphones,,,500,West
124,10-01-2026,Phone,,1,300,South
167,10-01-2026,Phone,Electronics,1,0,West
109,11-01-2026,Phone,,1,800,
166,21-01-2026,Laptop,,1,500,
117,30-01-2026,Laptop,,3,,South
199,07-01-2026,Tablet,Electronics,1,500,East
185,31-01-2026,Phone,Electronics,2,300,
